[
  {
    "id": 1,
    "title": "Kajian Rutin Mingguan",
    "description": "Kajian al-Quran dan hadist setiap hari Jumat untuk menambah ilmu dan spiritualitas.",
    "date": "2025-11-15",
    "time": "19:00",
    "location": "Balai Pengajian Masjid Al-Ikhlas",
    "category": "kajian",
    "image": "/images/kajian.jpg",
    "createdAt": "2025-11-13T22:27:27.236Z",
    "updatedAt": "2025-11-13T22:27:27.236Z"
  },
  {
    "id": 2,
    "title": "Pengajian Anak-Anak",
    "description": "Program pengajian untuk anak-anak usia 7-15 tahun setiap Sabtu sore.",
    "date": "2025-11-16",
    "time": "16:00",
    "location": "Ruang Kelas Masjid Al-Ikhlas",
    "category": "pendidikan",
    "image": "/images/anak.jpg",
    "createdAt": "2025-11-13T22:27:27.236Z",
    "updatedAt": "2025-11-13T22:27:27.236Z"
  },
  {
    "id": 3,
    "title": "Santunan Yatim & Dhuafa",
    "description": "Program bakti sosial memberikan bantuan kepada anak yatim dan keluarga kurang mampu.",
    "date": "2025-11-20",
    "time": "08:00",
    "location": "Halaman Masjid Al-Ikhlas",
    "category": "sosial",
    "image": "/images/santunan.jpg",
    "createdAt": "2025-11-13T22:27:27.236Z",
    "updatedAt": "2025-11-13T22:27:27.236Z"
  }
]