[
  {
    "query": "Interior of mosque prayer hall for about section",
    "image_info": {
      "url": "https://c8.alamy.com/comp/EYEA6G/main-prayer-hall-inside-the-sheikh-zayed-grand-mosqueabu-dhabi-united-EYEA6G.jpg",
      "img_format": "JPEG",
      "mode": "RGB",
      "file_size": 255560,
      "width": 1300,
      "height": 954,
      "total_pixels": 1240200,
      "basic_score": 0.9352096459955443,
      "file_name": "mosque_interior_9.jpg"
    },
    "llm_score": null
  },
  {
    "query": "Interior of mosque prayer hall for about section",
    "image_info": {
      "url": "https://as2.ftcdn.net/jpg/01/26/03/65/1000_F_126036511_GSNqgWiWpcc5jaZ78FBGhJYVuxgjtinz.jpg",
      "img_format": "JPEG",
      "mode": "RGB",
      "file_size": 425292,
      "width": 1000,
      "height": 667,
      "total_pixels": 667000,
      "basic_score": 0.9254933130579134,
      "file_name": "mosque_interior_5.jpg"
    },
    "llm_score": null
  },
  {
    "query": "Interior of mosque prayer hall for about section",
    "image_info": {
      "url": "https://media.gettyimages.com/id/187758425/photo/interior-of-the-prayer-hall-of-umayyad-mosque.jpg?s=1024x1024&w=gi&k=20&c=gs3hcetWtCHIuvfvsmRK7m3M3Hhf7T-ESNRhB0pzBfs=",
      "img_format": "JPEG",
      "mode": "RGB",
      "file_size": 220239,
      "width": 1024,
      "height": 683,
      "total_pixels": 699392,
      "basic_score": 0.9151183789347738,
      "file_name": "mosque_interior_6.jpg"
    },
    "llm_score": null
  },
  {
    "query": "Subtle Islamic geometric pattern for background decoration",
    "image_info": {
      "url": "https://as1.ftcdn.net/jpg/00/71/84/56/1000_F_71845662_8KsLguzc9HUInAyKnIRkGzrTFyJ4E9yD.jpg",
      "img_format": "JPEG",
      "mode": "RGB",
      "file_size": 271564,
      "width": 1000,
      "height": 866,
      "total_pixels": 866000,
      "basic_score": 0.9339787042143071,
      "file_name": "islamic_pattern_5.jpg"
    },
    "llm_score": null
  },
  {
    "query": "Subtle Islamic geometric pattern for background decoration",
    "image_info": {
      "url": "https://img.freepik.com/free-vector/vector-abstract-geometric-islamic-background-based-ethnic-muslim-ornaments-intertwined-paper-stripes-elegant-background-cards-invitations-etc_1217-633.jpg?semt=ais_hybrid&w=740&q=80",
      "img_format": "JPEG",
      "mode": "RGB",
      "file_size": 231719,
      "width": 740,
      "height": 740,
      "total_pixels": 547600,
      "basic_score": 0.882390816689268,
      "file_name": "islamic_pattern_6.jpg"
    },
    "llm_score": null
  },
  {
    "query": "Subtle Islamic geometric pattern for background decoration",
    "image_info": {
      "url": "https://static.vecteezy.com/system/resources/previews/049/382/842/non_2x/islamic-geometric-pattern-for-muslims-community-islamic-traditional-motif-vector.jpg",
      "img_format": "JPEG",
      "mode": "L",
      "file_size": 110497,
      "width": 1633,
      "height": 980,
      "total_pixels": 1600340,
      "basic_score": 0.8505225459925517,
      "file_name": "islamic_pattern_8.jpg"
    },
    "llm_score": null
  },
  {
    "query": "A beautiful mosque exterior with dome and minaret for hero section background",
    "image_info": {
      "url": "https://talkao.com/wp-content/uploads/2024/04/Arquitectura-islamica-Abu-Dhabi-maravillas-arquitectonicas-del-mundo-arabe.webp",
      "img_format": "WEBP",
      "mode": "RGB",
      "file_size": 1437348,
      "width": 1500,
      "height": 823,
      "total_pixels": 1234500,
      "basic_score": 0.9382827760331729,
      "file_name": "mosque_hero_7.webp"
    },
    "llm_score": null
  },
  {
    "query": "A beautiful mosque exterior with dome and minaret for hero section background",
    "image_info": {
      "url": "https://cdn-blog.superprof.com/blog_gb/wp-content/uploads/2018/05/arabic-architecture.png",
      "img_format": "PNG",
      "mode": "RGB",
      "file_size": 642175,
      "width": 1000,
      "height": 662,
      "total_pixels": 662000,
      "basic_score": 0.9251870995053257,
      "file_name": "mosque_hero_3.png"
    },
    "llm_score": null
  },
  {
    "query": "A beautiful mosque exterior with dome and minaret for hero section background",
    "image_info": {
      "url": "https://i.pinimg.com/736x/82/d3/c3/82d3c32673a8b26a94052fa286b5ec95.jpg",
      "img_format": "JPEG",
      "mode": "RGB",
      "file_size": 139939,
      "width": 736,
      "height": 920,
      "total_pixels": 677120,
      "basic_score": 0.8903319789102747,
      "file_name": "mosque_hero_8.jpg"
    },
    "llm_score": null
  },
  {
    "query": "People at mosque community event or gathering",
    "image_info": {
      "url": "https://ca-times.brightspotcdn.com/dims4/default/2aa2873/2147483647/strip/true/crop/600x338+0+31/resize/1200x675!/quality/75/?url=https%3A%2F%2Fcalifornia-times-brightspot.s3.amazonaws.com%2Fb4%2F14%2Fa3001de6836df0a4326883a37e44%2Fla-xpm-photo-2013-jun-22-la-me-ln-islamic-center-of-san-gabriel-valley-opens-new-mosque-20130622",
      "img_format": "JPEG",
      "mode": "RGB",
      "file_size": 81544,
      "width": 1200,
      "height": 675,
      "total_pixels": 810000,
      "basic_score": 0.9174302983583896,
      "file_name": "community_event_3.jpg"
    },
    "llm_score": null
  },
  {
    "query": "People at mosque community event or gathering",
    "image_info": {
      "url": "https://www.independent.com/wp-content/uploads/2019/07/20190531-Goleta-Mosque-017-copy.jpg?w=1024",
      "img_format": "JPEG",
      "mode": "RGB",
      "file_size": 188376,
      "width": 1024,
      "height": 716,
      "total_pixels": 733184,
      "basic_score": 0.9166460187639162,
      "file_name": "community_event_0.jpg"
    },
    "llm_score": null
  },
  {
    "query": "People at mosque community event or gathering",
    "image_info": {
      "url": "https://imagedelivery.net/KChvtmyAXota37G7H77ccA/1bc8b3ad-f08f-43f6-50b2-637141429b00/640w",
      "img_format": "JPEG",
      "mode": "RGB",
      "file_size": 95887,
      "width": 640,
      "height": 640,
      "total_pixels": 409600,
      "basic_score": 0.830696483152769,
      "file_name": "community_event_5.jpg"
    },
    "llm_score": null
  }
]